feature_key,peak_consistency_weighted,peak_consistency_main,main_peak_token,n_distinct_peaks,token_stats,supernode_class,layer,func_vs_sem_pct,n_active_prompts
0_1861,1.0,1.0,texas,1,"{'texas': {'consistency': 1.0, 'as_peak': 3, 'in_prompt': 3}, 'entity:': {'consistency': 0.0, 'as_peak': 0, 'in_prompt': 3}, 'dallas': {'consistency': 0.0, 'as_peak': 0, 'in_prompt': 1}, 'is': {'consistency': 0.0, 'as_peak': 0, 'in_prompt': 6}, 'in': {'consistency': 0.0, 'as_peak': 0, 'in_prompt': 3}, 'a': {'consistency': 0.0, 'as_peak': 0, 'in_prompt': 4}, 'city': {'consistency': 0.0, 'as_peak': 0, 'in_prompt': 5}, ',': {'consistency': 0.0, 'as_peak': 0, 'in_prompt': 1}, 'usa': {'consistency': 0.0, 'as_peak': 0, 'in_prompt': 1}, 'of': {'consistency': 0.0, 'as_peak': 0, 'in_prompt': 2}, 'the': {'consistency': 0.0, 'as_peak': 0, 'in_prompt': 7}, 'capital': {'consistency': 0.0, 'as_peak': 0, 'in_prompt': 2}, 'austin': {'consistency': 0.0, 'as_peak': 0, 'in_prompt': 1}, 'state': {'consistency': 0.0, 'as_peak': 0, 'in_prompt': 4}, 'united': {'consistency': 0.0, 'as_peak': 0, 'in_prompt': 1}, 'states': {'consistency': 0.0, 'as_peak': 0, 'in_prompt': 1}, 'attribute:': {'consistency': 0.0, 'as_peak': 0, 'in_prompt': 1}, 'government': {'consistency': 0.0, 'as_peak': 0, 'in_prompt': 1}, 'primary': {'consistency': 0.0, 'as_peak': 0, 'in_prompt': 1}, 'as': {'consistency': 0.0, 'as_peak': 0, 'in_prompt': 1}, 'for': {'consistency': 0.0, 'as_peak': 0, 'in_prompt': 1}, 'seat': {'consistency': 0.0, 'as_peak': 0, 'in_prompt': 1}, 'serving': {'consistency': 0.0, 'as_peak': 0, 'in_prompt': 1}, 'which': {'consistency': 0.0, 'as_peak': 0, 'in_prompt': 1}, 'located': {'consistency': 0.0, 'as_peak': 0, 'in_prompt': 1}, 'containing': {'consistency': 0.0, 'as_peak': 0, 'in_prompt': 1}, 'relationship:': {'consistency': 0.0, 'as_peak': 0, 'in_prompt': 1}}",Semantic,0,-100.0,3
0_230,0.8333333333333334,0.8333333333333334,is,1,"{'is': {'consistency': 0.8333333333333334, 'as_peak': 5, 'in_prompt': 6}, 'entity:': {'consistency': 0.0, 'as_peak': 0, 'in_prompt': 3}, 'dallas': {'consistency': 0.0, 'as_peak': 0, 'in_prompt': 1}, 'in': {'consistency': 0.0, 'as_peak': 0, 'in_prompt': 3}, 'a': {'consistency': 0.0, 'as_peak': 0, 'in_prompt': 4}, 'city': {'consistency': 0.0, 'as_peak': 0, 'in_prompt': 5}, ',': {'consistency': 0.0, 'as_peak': 0, 'in_prompt': 1}, 'usa': {'consistency': 0.0, 'as_peak': 0, 'in_prompt': 1}, 'texas': {'consistency': 0.0, 'as_peak': 0, 'in_prompt': 3}, 'of': {'consistency': 0.0, 'as_peak': 0, 'in_prompt': 2}, 'the': {'consistency': 0.0, 'as_peak': 0, 'in_prompt': 7}, 'capital': {'consistency': 0.0, 'as_peak': 0, 'in_prompt': 2}, 'austin': {'consistency': 0.0, 'as_peak': 0, 'in_prompt': 1}, 'state': {'consistency': 0.0, 'as_peak': 0, 'in_prompt': 4}, 'united': {'consistency': 0.0, 'as_peak': 0, 'in_prompt': 1}, 'states': {'consistency': 0.0, 'as_peak': 0, 'in_prompt': 1}, 'attribute:': {'consistency': 0.0, 'as_peak': 0, 'in_prompt': 1}, 'government': {'consistency': 0.0, 'as_peak': 0, 'in_prompt': 1}, 'primary': {'consistency': 0.0, 'as_peak': 0, 'in_prompt': 1}, 'as': {'consistency': 0.0, 'as_peak': 0, 'in_prompt': 1}, 'for': {'consistency': 0.0, 'as_peak': 0, 'in_prompt': 1}, 'seat': {'consistency': 0.0, 'as_peak': 0, 'in_prompt': 1}, 'serving': {'consistency': 0.0, 'as_peak': 0, 'in_prompt': 1}, 'which': {'consistency': 0.0, 'as_peak': 0, 'in_prompt': 1}, 'located': {'consistency': 0.0, 'as_peak': 0, 'in_prompt': 1}, 'containing': {'consistency': 0.0, 'as_peak': 0, 'in_prompt': 1}, 'relationship:': {'consistency': 0.0, 'as_peak': 0, 'in_prompt': 1}}",Semantic,0,100.0,5
0_32742,1.0,1.0,texas,1,"{'texas': {'consistency': 1.0, 'as_peak': 3, 'in_prompt': 3}, 'entity:': {'consistency': 0.0, 'as_peak': 0, 'in_prompt': 3}, 'dallas': {'consistency': 0.0, 'as_peak': 0, 'in_prompt': 1}, 'is': {'consistency': 0.0, 'as_peak': 0, 'in_prompt': 6}, 'in': {'consistency': 0.0, 'as_peak': 0, 'in_prompt': 3}, 'a': {'consistency': 0.0, 'as_peak': 0, 'in_prompt': 4}, 'city': {'consistency': 0.0, 'as_peak': 0, 'in_prompt': 5}, ',': {'consistency': 0.0, 'as_peak': 0, 'in_prompt': 1}, 'usa': {'consistency': 0.0, 'as_peak': 0, 'in_prompt': 1}, 'of': {'consistency': 0.0, 'as_peak': 0, 'in_prompt': 2}, 'the': {'consistency': 0.0, 'as_peak': 0, 'in_prompt': 7}, 'capital': {'consistency': 0.0, 'as_peak': 0, 'in_prompt': 2}, 'austin': {'consistency': 0.0, 'as_peak': 0, 'in_prompt': 1}, 'state': {'consistency': 0.0, 'as_peak': 0, 'in_prompt': 4}, 'united': {'consistency': 0.0, 'as_peak': 0, 'in_prompt': 1}, 'states': {'consistency': 0.0, 'as_peak': 0, 'in_prompt': 1}, 'attribute:': {'consistency': 0.0, 'as_peak': 0, 'in_prompt': 1}, 'government': {'consistency': 0.0, 'as_peak': 0, 'in_prompt': 1}, 'primary': {'consistency': 0.0, 'as_peak': 0, 'in_prompt': 1}, 'as': {'consistency': 0.0, 'as_peak': 0, 'in_prompt': 1}, 'for': {'consistency': 0.0, 'as_peak': 0, 'in_prompt': 1}, 'seat': {'consistency': 0.0, 'as_peak': 0, 'in_prompt': 1}, 'serving': {'consistency': 0.0, 'as_peak': 0, 'in_prompt': 1}, 'which': {'consistency': 0.0, 'as_peak': 0, 'in_prompt': 1}, 'located': {'consistency': 0.0, 'as_peak': 0, 'in_prompt': 1}, 'containing': {'consistency': 0.0, 'as_peak': 0, 'in_prompt': 1}, 'relationship:': {'consistency': 0.0, 'as_peak': 0, 'in_prompt': 1}}",Semantic,0,-100.0,3
0_37567,1.0,1.0,containing,1,"{'entity:': {'consistency': 0.0, 'as_peak': 0, 'in_prompt': 3}, 'dallas': {'consistency': 0.0, 'as_peak': 0, 'in_prompt': 1}, 'is': {'consistency': 0.0, 'as_peak': 0, 'in_prompt': 6}, 'in': {'consistency': 0.0, 'as_peak': 0, 'in_prompt': 3}, 'a': {'consistency': 0.0, 'as_peak': 0, 'in_prompt': 4}, 'city': {'consistency': 0.0, 'as_peak': 0, 'in_prompt': 5}, ',': {'consistency': 0.0, 'as_peak': 0, 'in_prompt': 1}, 'usa': {'consistency': 0.0, 'as_peak': 0, 'in_prompt': 1}, 'texas': {'consistency': 0.0, 'as_peak': 0, 'in_prompt': 3}, 'of': {'consistency': 0.0, 'as_peak': 0, 'in_prompt': 2}, 'the': {'consistency': 0.0, 'as_peak': 0, 'in_prompt': 7}, 'capital': {'consistency': 0.0, 'as_peak': 0, 'in_prompt': 2}, 'austin': {'consistency': 0.0, 'as_peak': 0, 'in_prompt': 1}, 'state': {'consistency': 0.0, 'as_peak': 0, 'in_prompt': 4}, 'united': {'consistency': 0.0, 'as_peak': 0, 'in_prompt': 1}, 'states': {'consistency': 0.0, 'as_peak': 0, 'in_prompt': 1}, 'attribute:': {'consistency': 0.0, 'as_peak': 0, 'in_prompt': 1}, 'government': {'consistency': 0.0, 'as_peak': 0, 'in_prompt': 1}, 'primary': {'consistency': 0.0, 'as_peak': 0, 'in_prompt': 1}, 'as': {'consistency': 0.0, 'as_peak': 0, 'in_prompt': 1}, 'for': {'consistency': 0.0, 'as_peak': 0, 'in_prompt': 1}, 'seat': {'consistency': 0.0, 'as_peak': 0, 'in_prompt': 1}, 'serving': {'consistency': 0.0, 'as_peak': 0, 'in_prompt': 1}, 'containing': {'consistency': 1.0, 'as_peak': 1, 'in_prompt': 1}, 'which': {'consistency': 0.0, 'as_peak': 0, 'in_prompt': 1}, 'located': {'consistency': 0.0, 'as_peak': 0, 'in_prompt': 1}, 'relationship:': {'consistency': 0.0, 'as_peak': 0, 'in_prompt': 1}}",Semantic,0,-100.0,1
0_39374,0.8333333333333334,0.8333333333333334,is,1,"{'is': {'consistency': 0.8333333333333334, 'as_peak': 5, 'in_prompt': 6}, 'entity:': {'consistency': 0.0, 'as_peak': 0, 'in_prompt': 3}, 'dallas': {'consistency': 0.0, 'as_peak': 0, 'in_prompt': 1}, 'in': {'consistency': 0.0, 'as_peak': 0, 'in_prompt': 3}, 'a': {'consistency': 0.0, 'as_peak': 0, 'in_prompt': 4}, 'city': {'consistency': 0.0, 'as_peak': 0, 'in_prompt': 5}, ',': {'consistency': 0.0, 'as_peak': 0, 'in_prompt': 1}, 'usa': {'consistency': 0.0, 'as_peak': 0, 'in_prompt': 1}, 'texas': {'consistency': 0.0, 'as_peak': 0, 'in_prompt': 3}, 'of': {'consistency': 0.0, 'as_peak': 0, 'in_prompt': 2}, 'the': {'consistency': 0.0, 'as_peak': 0, 'in_prompt': 7}, 'capital': {'consistency': 0.0, 'as_peak': 0, 'in_prompt': 2}, 'austin': {'consistency': 0.0, 'as_peak': 0, 'in_prompt': 1}, 'state': {'consistency': 0.0, 'as_peak': 0, 'in_prompt': 4}, 'united': {'consistency': 0.0, 'as_peak': 0, 'in_prompt': 1}, 'states': {'consistency': 0.0, 'as_peak': 0, 'in_prompt': 1}, 'attribute:': {'consistency': 0.0, 'as_peak': 0, 'in_prompt': 1}, 'government': {'consistency': 0.0, 'as_peak': 0, 'in_prompt': 1}, 'primary': {'consistency': 0.0, 'as_peak': 0, 'in_prompt': 1}, 'as': {'consistency': 0.0, 'as_peak': 0, 'in_prompt': 1}, 'for': {'consistency': 0.0, 'as_peak': 0, 'in_prompt': 1}, 'seat': {'consistency': 0.0, 'as_peak': 0, 'in_prompt': 1}, 'serving': {'consistency': 0.0, 'as_peak': 0, 'in_prompt': 1}, 'which': {'consistency': 0.0, 'as_peak': 0, 'in_prompt': 1}, 'located': {'consistency': 0.0, 'as_peak': 0, 'in_prompt': 1}, 'containing': {'consistency': 0.0, 'as_peak': 0, 'in_prompt': 1}, 'relationship:': {'consistency': 0.0, 'as_peak': 0, 'in_prompt': 1}}",Semantic,0,100.0,5
0_40780,0.5285714285714286,0.5,is,3,"{'is': {'consistency': 0.5, 'as_peak': 3, 'in_prompt': 6}, 'entity:': {'consistency': 0.0, 'as_peak': 0, 'in_prompt': 3}, 'dallas': {'consistency': 0.0, 'as_peak': 0, 'in_prompt': 1}, 'in': {'consistency': 0.0, 'as_peak': 0, 'in_prompt': 3}, 'a': {'consistency': 0.0, 'as_peak': 0, 'in_prompt': 4}, 'city': {'consistency': 0.0, 'as_peak': 0, 'in_prompt': 5}, ',': {'consistency': 0.0, 'as_peak': 0, 'in_prompt': 1}, 'usa': {'consistency': 0.0, 'as_peak': 0, 'in_prompt': 1}, 'texas': {'consistency': 0.0, 'as_peak': 0, 'in_prompt': 3}, 'of': {'consistency': 0.0, 'as_peak': 0, 'in_prompt': 2}, 'the': {'consistency': 0.14285714285714285, 'as_peak': 1, 'in_prompt': 7}, 'capital': {'consistency': 0.0, 'as_peak': 0, 'in_prompt': 2}, 'austin': {'consistency': 0.0, 'as_peak': 0, 'in_prompt': 1}, 'state': {'consistency': 0.0, 'as_peak': 0, 'in_prompt': 4}, 'united': {'consistency': 0.0, 'as_peak': 0, 'in_prompt': 1}, 'states': {'consistency': 0.0, 'as_peak': 0, 'in_prompt': 1}, 'attribute:': {'consistency': 0.0, 'as_peak': 0, 'in_prompt': 1}, 'government': {'consistency': 0.0, 'as_peak': 0, 'in_prompt': 1}, 'primary': {'consistency': 0.0, 'as_peak': 0, 'in_prompt': 1}, 'as': {'consistency': 0.0, 'as_peak': 0, 'in_prompt': 1}, 'for': {'consistency': 0.0, 'as_peak': 0, 'in_prompt': 1}, 'seat': {'consistency': 0.0, 'as_peak': 0, 'in_prompt': 1}, 'serving': {'consistency': 0.0, 'as_peak': 0, 'in_prompt': 1}, 'which': {'consistency': 1.0, 'as_peak': 1, 'in_prompt': 1}, 'located': {'consistency': 0.0, 'as_peak': 0, 'in_prompt': 1}, 'containing': {'consistency': 0.0, 'as_peak': 0, 'in_prompt': 1}, 'relationship:': {'consistency': 0.0, 'as_peak': 0, 'in_prompt': 1}}",Semantic,0,-10.969900144953764,5
0_40936,1.0,1.0,of,1,"{'entity:': {'consistency': 0.0, 'as_peak': 0, 'in_prompt': 3}, 'dallas': {'consistency': 0.0, 'as_peak': 0, 'in_prompt': 1}, 'is': {'consistency': 0.0, 'as_peak': 0, 'in_prompt': 6}, 'in': {'consistency': 0.0, 'as_peak': 0, 'in_prompt': 3}, 'a': {'consistency': 0.0, 'as_peak': 0, 'in_prompt': 4}, 'city': {'consistency': 0.0, 'as_peak': 0, 'in_prompt': 5}, ',': {'consistency': 0.0, 'as_peak': 0, 'in_prompt': 1}, 'usa': {'consistency': 0.0, 'as_peak': 0, 'in_prompt': 1}, 'texas': {'consistency': 0.0, 'as_peak': 0, 'in_prompt': 3}, 'of': {'consistency': 1.0, 'as_peak': 2, 'in_prompt': 2}, 'the': {'consistency': 0.0, 'as_peak': 0, 'in_prompt': 7}, 'capital': {'consistency': 0.0, 'as_peak': 0, 'in_prompt': 2}, 'austin': {'consistency': 0.0, 'as_peak': 0, 'in_prompt': 1}, 'state': {'consistency': 0.0, 'as_peak': 0, 'in_prompt': 4}, 'united': {'consistency': 0.0, 'as_peak': 0, 'in_prompt': 1}, 'states': {'consistency': 0.0, 'as_peak': 0, 'in_prompt': 1}, 'attribute:': {'consistency': 0.0, 'as_peak': 0, 'in_prompt': 1}, 'government': {'consistency': 0.0, 'as_peak': 0, 'in_prompt': 1}, 'primary': {'consistency': 0.0, 'as_peak': 0, 'in_prompt': 1}, 'as': {'consistency': 0.0, 'as_peak': 0, 'in_prompt': 1}, 'for': {'consistency': 0.0, 'as_peak': 0, 'in_prompt': 1}, 'seat': {'consistency': 0.0, 'as_peak': 0, 'in_prompt': 1}, 'serving': {'consistency': 0.0, 'as_peak': 0, 'in_prompt': 1}, 'which': {'consistency': 0.0, 'as_peak': 0, 'in_prompt': 1}, 'located': {'consistency': 0.0, 'as_peak': 0, 'in_prompt': 1}, 'containing': {'consistency': 0.0, 'as_peak': 0, 'in_prompt': 1}, 'relationship:': {'consistency': 0.0, 'as_peak': 0, 'in_prompt': 1}}",Semantic,0,100.0,2
0_49560,0.8333333333333334,0.8333333333333334,is,1,"{'is': {'consistency': 0.8333333333333334, 'as_peak': 5, 'in_prompt': 6}, 'entity:': {'consistency': 0.0, 'as_peak': 0, 'in_prompt': 3}, 'dallas': {'consistency': 0.0, 'as_peak': 0, 'in_prompt': 1}, 'in': {'consistency': 0.0, 'as_peak': 0, 'in_prompt': 3}, 'a': {'consistency': 0.0, 'as_peak': 0, 'in_prompt': 4}, 'city': {'consistency': 0.0, 'as_peak': 0, 'in_prompt': 5}, ',': {'consistency': 0.0, 'as_peak': 0, 'in_prompt': 1}, 'usa': {'consistency': 0.0, 'as_peak': 0, 'in_prompt': 1}, 'texas': {'consistency': 0.0, 'as_peak': 0, 'in_prompt': 3}, 'of': {'consistency': 0.0, 'as_peak': 0, 'in_prompt': 2}, 'the': {'consistency': 0.0, 'as_peak': 0, 'in_prompt': 7}, 'capital': {'consistency': 0.0, 'as_peak': 0, 'in_prompt': 2}, 'austin': {'consistency': 0.0, 'as_peak': 0, 'in_prompt': 1}, 'state': {'consistency': 0.0, 'as_peak': 0, 'in_prompt': 4}, 'united': {'consistency': 0.0, 'as_peak': 0, 'in_prompt': 1}, 'states': {'consistency': 0.0, 'as_peak': 0, 'in_prompt': 1}, 'attribute:': {'consistency': 0.0, 'as_peak': 0, 'in_prompt': 1}, 'government': {'consistency': 0.0, 'as_peak': 0, 'in_prompt': 1}, 'primary': {'consistency': 0.0, 'as_peak': 0, 'in_prompt': 1}, 'as': {'consistency': 0.0, 'as_peak': 0, 'in_prompt': 1}, 'for': {'consistency': 0.0, 'as_peak': 0, 'in_prompt': 1}, 'seat': {'consistency': 0.0, 'as_peak': 0, 'in_prompt': 1}, 'serving': {'consistency': 0.0, 'as_peak': 0, 'in_prompt': 1}, 'which': {'consistency': 0.0, 'as_peak': 0, 'in_prompt': 1}, 'located': {'consistency': 0.0, 'as_peak': 0, 'in_prompt': 1}, 'containing': {'consistency': 0.0, 'as_peak': 0, 'in_prompt': 1}, 'relationship:': {'consistency': 0.0, 'as_peak': 0, 'in_prompt': 1}}",Semantic,0,100.0,5
0_5200,0.8333333333333334,0.8333333333333334,is,1,"{'is': {'consistency': 0.8333333333333334, 'as_peak': 5, 'in_prompt': 6}, 'entity:': {'consistency': 0.0, 'as_peak': 0, 'in_prompt': 3}, 'dallas': {'consistency': 0.0, 'as_peak': 0, 'in_prompt': 1}, 'in': {'consistency': 0.0, 'as_peak': 0, 'in_prompt': 3}, 'a': {'consistency': 0.0, 'as_peak': 0, 'in_prompt': 4}, 'city': {'consistency': 0.0, 'as_peak': 0, 'in_prompt': 5}, ',': {'consistency': 0.0, 'as_peak': 0, 'in_prompt': 1}, 'usa': {'consistency': 0.0, 'as_peak': 0, 'in_prompt': 1}, 'texas': {'consistency': 0.0, 'as_peak': 0, 'in_prompt': 3}, 'of': {'consistency': 0.0, 'as_peak': 0, 'in_prompt': 2}, 'the': {'consistency': 0.0, 'as_peak': 0, 'in_prompt': 7}, 'capital': {'consistency': 0.0, 'as_peak': 0, 'in_prompt': 2}, 'austin': {'consistency': 0.0, 'as_peak': 0, 'in_prompt': 1}, 'state': {'consistency': 0.0, 'as_peak': 0, 'in_prompt': 4}, 'united': {'consistency': 0.0, 'as_peak': 0, 'in_prompt': 1}, 'states': {'consistency': 0.0, 'as_peak': 0, 'in_prompt': 1}, 'attribute:': {'consistency': 0.0, 'as_peak': 0, 'in_prompt': 1}, 'government': {'consistency': 0.0, 'as_peak': 0, 'in_prompt': 1}, 'primary': {'consistency': 0.0, 'as_peak': 0, 'in_prompt': 1}, 'as': {'consistency': 0.0, 'as_peak': 0, 'in_prompt': 1}, 'for': {'consistency': 0.0, 'as_peak': 0, 'in_prompt': 1}, 'seat': {'consistency': 0.0, 'as_peak': 0, 'in_prompt': 1}, 'serving': {'consistency': 0.0, 'as_peak': 0, 'in_prompt': 1}, 'which': {'consistency': 0.0, 'as_peak': 0, 'in_prompt': 1}, 'located': {'consistency': 0.0, 'as_peak': 0, 'in_prompt': 1}, 'containing': {'consistency': 0.0, 'as_peak': 0, 'in_prompt': 1}, 'relationship:': {'consistency': 0.0, 'as_peak': 0, 'in_prompt': 1}}",Semantic,0,100.0,5
0_55815,1.0,1.0,capital,1,"{'entity:': {'consistency': 0.0, 'as_peak': 0, 'in_prompt': 3}, 'dallas': {'consistency': 0.0, 'as_peak': 0, 'in_prompt': 1}, 'is': {'consistency': 0.0, 'as_peak': 0, 'in_prompt': 6}, 'in': {'consistency': 0.0, 'as_peak': 0, 'in_prompt': 3}, 'a': {'consistency': 0.0, 'as_peak': 0, 'in_prompt': 4}, 'city': {'consistency': 0.0, 'as_peak': 0, 'in_prompt': 5}, ',': {'consistency': 0.0, 'as_peak': 0, 'in_prompt': 1}, 'usa': {'consistency': 0.0, 'as_peak': 0, 'in_prompt': 1}, 'texas': {'consistency': 0.0, 'as_peak': 0, 'in_prompt': 3}, 'capital': {'consistency': 1.0, 'as_peak': 2, 'in_prompt': 2}, 'of': {'consistency': 0.0, 'as_peak': 0, 'in_prompt': 2}, 'the': {'consistency': 0.0, 'as_peak': 0, 'in_prompt': 7}, 'austin': {'consistency': 0.0, 'as_peak': 0, 'in_prompt': 1}, 'state': {'consistency': 0.0, 'as_peak': 0, 'in_prompt': 4}, 'united': {'consistency': 0.0, 'as_peak': 0, 'in_prompt': 1}, 'states': {'consistency': 0.0, 'as_peak': 0, 'in_prompt': 1}, 'attribute:': {'consistency': 0.0, 'as_peak': 0, 'in_prompt': 1}, 'government': {'consistency': 0.0, 'as_peak': 0, 'in_prompt': 1}, 'primary': {'consistency': 0.0, 'as_peak': 0, 'in_prompt': 1}, 'as': {'consistency': 0.0, 'as_peak': 0, 'in_prompt': 1}, 'for': {'consistency': 0.0, 'as_peak': 0, 'in_prompt': 1}, 'seat': {'consistency': 0.0, 'as_peak': 0, 'in_prompt': 1}, 'serving': {'consistency': 0.0, 'as_peak': 0, 'in_prompt': 1}, 'which': {'consistency': 0.0, 'as_peak': 0, 'in_prompt': 1}, 'located': {'consistency': 0.0, 'as_peak': 0, 'in_prompt': 1}, 'containing': {'consistency': 0.0, 'as_peak': 0, 'in_prompt': 1}, 'relationship:': {'consistency': 0.0, 'as_peak': 0, 'in_prompt': 1}}",Semantic,0,-100.0,2
0_91045,0.8333333333333334,0.8333333333333334,is,1,"{'is': {'consistency': 0.8333333333333334, 'as_peak': 5, 'in_prompt': 6}, 'entity:': {'consistency': 0.0, 'as_peak': 0, 'in_prompt': 3}, 'dallas': {'consistency': 0.0, 'as_peak': 0, 'in_prompt': 1}, 'in': {'consistency': 0.0, 'as_peak': 0, 'in_prompt': 3}, 'a': {'consistency': 0.0, 'as_peak': 0, 'in_prompt': 4}, 'city': {'consistency': 0.0, 'as_peak': 0, 'in_prompt': 5}, ',': {'consistency': 0.0, 'as_peak': 0, 'in_prompt': 1}, 'usa': {'consistency': 0.0, 'as_peak': 0, 'in_prompt': 1}, 'texas': {'consistency': 0.0, 'as_peak': 0, 'in_prompt': 3}, 'of': {'consistency': 0.0, 'as_peak': 0, 'in_prompt': 2}, 'the': {'consistency': 0.0, 'as_peak': 0, 'in_prompt': 7}, 'capital': {'consistency': 0.0, 'as_peak': 0, 'in_prompt': 2}, 'austin': {'consistency': 0.0, 'as_peak': 0, 'in_prompt': 1}, 'state': {'consistency': 0.0, 'as_peak': 0, 'in_prompt': 4}, 'united': {'consistency': 0.0, 'as_peak': 0, 'in_prompt': 1}, 'states': {'consistency': 0.0, 'as_peak': 0, 'in_prompt': 1}, 'attribute:': {'consistency': 0.0, 'as_peak': 0, 'in_prompt': 1}, 'government': {'consistency': 0.0, 'as_peak': 0, 'in_prompt': 1}, 'primary': {'consistency': 0.0, 'as_peak': 0, 'in_prompt': 1}, 'as': {'consistency': 0.0, 'as_peak': 0, 'in_prompt': 1}, 'for': {'consistency': 0.0, 'as_peak': 0, 'in_prompt': 1}, 'seat': {'consistency': 0.0, 'as_peak': 0, 'in_prompt': 1}, 'serving': {'consistency': 0.0, 'as_peak': 0, 'in_prompt': 1}, 'which': {'consistency': 0.0, 'as_peak': 0, 'in_prompt': 1}, 'located': {'consistency': 0.0, 'as_peak': 0, 'in_prompt': 1}, 'containing': {'consistency': 0.0, 'as_peak': 0, 'in_prompt': 1}, 'relationship:': {'consistency': 0.0, 'as_peak': 0, 'in_prompt': 1}}",Semantic,0,100.0,5
0_95057,0.0,0.0,entity:,0,"{'entity:': {'consistency': 0.0, 'as_peak': 0, 'in_prompt': 3}, 'dallas': {'consistency': 0.0, 'as_peak': 0, 'in_prompt': 1}, 'is': {'consistency': 0.0, 'as_peak': 0, 'in_prompt': 6}, 'in': {'consistency': 0.0, 'as_peak': 0, 'in_prompt': 3}, 'a': {'consistency': 0.0, 'as_peak': 0, 'in_prompt': 4}, 'city': {'consistency': 0.0, 'as_peak': 0, 'in_prompt': 5}, ',': {'consistency': 0.0, 'as_peak': 0, 'in_prompt': 1}, 'usa': {'consistency': 0.0, 'as_peak': 0, 'in_prompt': 1}, 'texas': {'consistency': 0.0, 'as_peak': 0, 'in_prompt': 3}, 'of': {'consistency': 0.0, 'as_peak': 0, 'in_prompt': 2}, 'the': {'consistency': 0.0, 'as_peak': 0, 'in_prompt': 7}, 'capital': {'consistency': 0.0, 'as_peak': 0, 'in_prompt': 2}, 'austin': {'consistency': 0.0, 'as_peak': 0, 'in_prompt': 1}, 'state': {'consistency': 0.0, 'as_peak': 0, 'in_prompt': 4}, 'united': {'consistency': 0.0, 'as_peak': 0, 'in_prompt': 1}, 'states': {'consistency': 0.0, 'as_peak': 0, 'in_prompt': 1}, 'attribute:': {'consistency': 0.0, 'as_peak': 0, 'in_prompt': 1}, 'government': {'consistency': 0.0, 'as_peak': 0, 'in_prompt': 1}, 'primary': {'consistency': 0.0, 'as_peak': 0, 'in_prompt': 1}, 'as': {'consistency': 0.0, 'as_peak': 0, 'in_prompt': 1}, 'for': {'consistency': 0.0, 'as_peak': 0, 'in_prompt': 1}, 'seat': {'consistency': 0.0, 'as_peak': 0, 'in_prompt': 1}, 'serving': {'consistency': 0.0, 'as_peak': 0, 'in_prompt': 1}, 'which': {'consistency': 0.0, 'as_peak': 0, 'in_prompt': 1}, 'located': {'consistency': 0.0, 'as_peak': 0, 'in_prompt': 1}, 'containing': {'consistency': 0.0, 'as_peak': 0, 'in_prompt': 1}, 'relationship:': {'consistency': 0.0, 'as_peak': 0, 'in_prompt': 1}}",Semantic,0,100.0,5
12_87969,0.24603174603174602,0.2857142857142857,the,2,"{'entity:': {'consistency': 0.0, 'as_peak': 0, 'in_prompt': 3}, 'dallas': {'consistency': 0.0, 'as_peak': 0, 'in_prompt': 1}, 'is': {'consistency': 0.16666666666666666, 'as_peak': 1, 'in_prompt': 6}, 'in': {'consistency': 0.0, 'as_peak': 0, 'in_prompt': 3}, 'a': {'consistency': 0.0, 'as_peak': 0, 'in_prompt': 4}, 'city': {'consistency': 0.0, 'as_peak': 0, 'in_prompt': 5}, ',': {'consistency': 0.0, 'as_peak': 0, 'in_prompt': 1}, 'usa': {'consistency': 0.0, 'as_peak': 0, 'in_prompt': 1}, 'texas': {'consistency': 0.0, 'as_peak': 0, 'in_prompt': 3}, 'of': {'consistency': 0.0, 'as_peak': 0, 'in_prompt': 2}, 'the': {'consistency': 0.2857142857142857, 'as_peak': 2, 'in_prompt': 7}, 'capital': {'consistency': 0.0, 'as_peak': 0, 'in_prompt': 2}, 'austin': {'consistency': 0.0, 'as_peak': 0, 'in_prompt': 1}, 'state': {'consistency': 0.0, 'as_peak': 0, 'in_prompt': 4}, 'united': {'consistency': 0.0, 'as_peak': 0, 'in_prompt': 1}, 'states': {'consistency': 0.0, 'as_peak': 0, 'in_prompt': 1}, 'attribute:': {'consistency': 0.0, 'as_peak': 0, 'in_prompt': 1}, 'government': {'consistency': 0.0, 'as_peak': 0, 'in_prompt': 1}, 'primary': {'consistency': 0.0, 'as_peak': 0, 'in_prompt': 1}, 'as': {'consistency': 0.0, 'as_peak': 0, 'in_prompt': 1}, 'for': {'consistency': 0.0, 'as_peak': 0, 'in_prompt': 1}, 'seat': {'consistency': 0.0, 'as_peak': 0, 'in_prompt': 1}, 'serving': {'consistency': 0.0, 'as_peak': 0, 'in_prompt': 1}, 'which': {'consistency': 0.0, 'as_peak': 0, 'in_prompt': 1}, 'located': {'consistency': 0.0, 'as_peak': 0, 'in_prompt': 1}, 'containing': {'consistency': 0.0, 'as_peak': 0, 'in_prompt': 1}, 'relationship:': {'consistency': 0.0, 'as_peak': 0, 'in_prompt': 1}}","Say ""X""",12,100.0,3
16_89970,1.0,1.0,texas,1,"{'texas': {'consistency': 1.0, 'as_peak': 3, 'in_prompt': 3}, 'entity:': {'consistency': 0.0, 'as_peak': 0, 'in_prompt': 3}, 'dallas': {'consistency': 0.0, 'as_peak': 0, 'in_prompt': 1}, 'is': {'consistency': 0.0, 'as_peak': 0, 'in_prompt': 6}, 'in': {'consistency': 0.0, 'as_peak': 0, 'in_prompt': 3}, 'a': {'consistency': 0.0, 'as_peak': 0, 'in_prompt': 4}, 'city': {'consistency': 0.0, 'as_peak': 0, 'in_prompt': 5}, ',': {'consistency': 0.0, 'as_peak': 0, 'in_prompt': 1}, 'usa': {'consistency': 0.0, 'as_peak': 0, 'in_prompt': 1}, 'of': {'consistency': 0.0, 'as_peak': 0, 'in_prompt': 2}, 'the': {'consistency': 0.0, 'as_peak': 0, 'in_prompt': 7}, 'capital': {'consistency': 0.0, 'as_peak': 0, 'in_prompt': 2}, 'austin': {'consistency': 0.0, 'as_peak': 0, 'in_prompt': 1}, 'state': {'consistency': 0.0, 'as_peak': 0, 'in_prompt': 4}, 'united': {'consistency': 0.0, 'as_peak': 0, 'in_prompt': 1}, 'states': {'consistency': 0.0, 'as_peak': 0, 'in_prompt': 1}, 'attribute:': {'consistency': 0.0, 'as_peak': 0, 'in_prompt': 1}, 'government': {'consistency': 0.0, 'as_peak': 0, 'in_prompt': 1}, 'primary': {'consistency': 0.0, 'as_peak': 0, 'in_prompt': 1}, 'as': {'consistency': 0.0, 'as_peak': 0, 'in_prompt': 1}, 'for': {'consistency': 0.0, 'as_peak': 0, 'in_prompt': 1}, 'seat': {'consistency': 0.0, 'as_peak': 0, 'in_prompt': 1}, 'serving': {'consistency': 0.0, 'as_peak': 0, 'in_prompt': 1}, 'which': {'consistency': 0.0, 'as_peak': 0, 'in_prompt': 1}, 'located': {'consistency': 0.0, 'as_peak': 0, 'in_prompt': 1}, 'containing': {'consistency': 0.0, 'as_peak': 0, 'in_prompt': 1}, 'relationship:': {'consistency': 0.0, 'as_peak': 0, 'in_prompt': 1}}",Semantic,16,-100.0,3
16_98048,0.3333333333333333,0.3333333333333333,is,1,"{'entity:': {'consistency': 0.0, 'as_peak': 0, 'in_prompt': 3}, 'dallas': {'consistency': 0.0, 'as_peak': 0, 'in_prompt': 1}, 'is': {'consistency': 0.3333333333333333, 'as_peak': 2, 'in_prompt': 6}, 'in': {'consistency': 0.0, 'as_peak': 0, 'in_prompt': 3}, 'a': {'consistency': 0.0, 'as_peak': 0, 'in_prompt': 4}, 'city': {'consistency': 0.0, 'as_peak': 0, 'in_prompt': 5}, ',': {'consistency': 0.0, 'as_peak': 0, 'in_prompt': 1}, 'usa': {'consistency': 0.0, 'as_peak': 0, 'in_prompt': 1}, 'texas': {'consistency': 0.0, 'as_peak': 0, 'in_prompt': 3}, 'of': {'consistency': 0.0, 'as_peak': 0, 'in_prompt': 2}, 'the': {'consistency': 0.0, 'as_peak': 0, 'in_prompt': 7}, 'capital': {'consistency': 0.0, 'as_peak': 0, 'in_prompt': 2}, 'austin': {'consistency': 0.0, 'as_peak': 0, 'in_prompt': 1}, 'state': {'consistency': 0.0, 'as_peak': 0, 'in_prompt': 4}, 'united': {'consistency': 0.0, 'as_peak': 0, 'in_prompt': 1}, 'states': {'consistency': 0.0, 'as_peak': 0, 'in_prompt': 1}, 'attribute:': {'consistency': 0.0, 'as_peak': 0, 'in_prompt': 1}, 'government': {'consistency': 0.0, 'as_peak': 0, 'in_prompt': 1}, 'primary': {'consistency': 0.0, 'as_peak': 0, 'in_prompt': 1}, 'as': {'consistency': 0.0, 'as_peak': 0, 'in_prompt': 1}, 'for': {'consistency': 0.0, 'as_peak': 0, 'in_prompt': 1}, 'seat': {'consistency': 0.0, 'as_peak': 0, 'in_prompt': 1}, 'serving': {'consistency': 0.0, 'as_peak': 0, 'in_prompt': 1}, 'which': {'consistency': 0.0, 'as_peak': 0, 'in_prompt': 1}, 'located': {'consistency': 0.0, 'as_peak': 0, 'in_prompt': 1}, 'containing': {'consistency': 0.0, 'as_peak': 0, 'in_prompt': 1}, 'relationship:': {'consistency': 0.0, 'as_peak': 0, 'in_prompt': 1}}","Say ""X""",16,100.0,2
17_1822,0.5833333333333334,1.0,",",2,"{',': {'consistency': 1.0, 'as_peak': 1, 'in_prompt': 1}, 'entity:': {'consistency': 0.0, 'as_peak': 0, 'in_prompt': 3}, 'dallas': {'consistency': 0.0, 'as_peak': 0, 'in_prompt': 1}, 'is': {'consistency': 0.16666666666666666, 'as_peak': 1, 'in_prompt': 6}, 'in': {'consistency': 0.0, 'as_peak': 0, 'in_prompt': 3}, 'a': {'consistency': 0.0, 'as_peak': 0, 'in_prompt': 4}, 'city': {'consistency': 0.0, 'as_peak': 0, 'in_prompt': 5}, 'usa': {'consistency': 0.0, 'as_peak': 0, 'in_prompt': 1}, 'texas': {'consistency': 0.0, 'as_peak': 0, 'in_prompt': 3}, 'of': {'consistency': 0.0, 'as_peak': 0, 'in_prompt': 2}, 'the': {'consistency': 0.0, 'as_peak': 0, 'in_prompt': 7}, 'capital': {'consistency': 0.0, 'as_peak': 0, 'in_prompt': 2}, 'austin': {'consistency': 0.0, 'as_peak': 0, 'in_prompt': 1}, 'state': {'consistency': 0.0, 'as_peak': 0, 'in_prompt': 4}, 'united': {'consistency': 0.0, 'as_peak': 0, 'in_prompt': 1}, 'states': {'consistency': 0.0, 'as_peak': 0, 'in_prompt': 1}, 'attribute:': {'consistency': 0.0, 'as_peak': 0, 'in_prompt': 1}, 'government': {'consistency': 0.0, 'as_peak': 0, 'in_prompt': 1}, 'primary': {'consistency': 0.0, 'as_peak': 0, 'in_prompt': 1}, 'as': {'consistency': 0.0, 'as_peak': 0, 'in_prompt': 1}, 'for': {'consistency': 0.0, 'as_peak': 0, 'in_prompt': 1}, 'seat': {'consistency': 0.0, 'as_peak': 0, 'in_prompt': 1}, 'serving': {'consistency': 0.0, 'as_peak': 0, 'in_prompt': 1}, 'which': {'consistency': 0.0, 'as_peak': 0, 'in_prompt': 1}, 'located': {'consistency': 0.0, 'as_peak': 0, 'in_prompt': 1}, 'containing': {'consistency': 0.0, 'as_peak': 0, 'in_prompt': 1}, 'relationship:': {'consistency': 0.0, 'as_peak': 0, 'in_prompt': 1}}","Say ""X""",17,100.0,2
17_98126,0.15476190476190477,0.16666666666666666,is,2,"{'entity:': {'consistency': 0.0, 'as_peak': 0, 'in_prompt': 3}, 'dallas': {'consistency': 0.0, 'as_peak': 0, 'in_prompt': 1}, 'is': {'consistency': 0.16666666666666666, 'as_peak': 1, 'in_prompt': 6}, 'in': {'consistency': 0.0, 'as_peak': 0, 'in_prompt': 3}, 'a': {'consistency': 0.0, 'as_peak': 0, 'in_prompt': 4}, 'city': {'consistency': 0.0, 'as_peak': 0, 'in_prompt': 5}, ',': {'consistency': 0.0, 'as_peak': 0, 'in_prompt': 1}, 'usa': {'consistency': 0.0, 'as_peak': 0, 'in_prompt': 1}, 'texas': {'consistency': 0.0, 'as_peak': 0, 'in_prompt': 3}, 'of': {'consistency': 0.0, 'as_peak': 0, 'in_prompt': 2}, 'the': {'consistency': 0.14285714285714285, 'as_peak': 1, 'in_prompt': 7}, 'capital': {'consistency': 0.0, 'as_peak': 0, 'in_prompt': 2}, 'austin': {'consistency': 0.0, 'as_peak': 0, 'in_prompt': 1}, 'state': {'consistency': 0.0, 'as_peak': 0, 'in_prompt': 4}, 'united': {'consistency': 0.0, 'as_peak': 0, 'in_prompt': 1}, 'states': {'consistency': 0.0, 'as_peak': 0, 'in_prompt': 1}, 'attribute:': {'consistency': 0.0, 'as_peak': 0, 'in_prompt': 1}, 'government': {'consistency': 0.0, 'as_peak': 0, 'in_prompt': 1}, 'primary': {'consistency': 0.0, 'as_peak': 0, 'in_prompt': 1}, 'as': {'consistency': 0.0, 'as_peak': 0, 'in_prompt': 1}, 'for': {'consistency': 0.0, 'as_peak': 0, 'in_prompt': 1}, 'seat': {'consistency': 0.0, 'as_peak': 0, 'in_prompt': 1}, 'serving': {'consistency': 0.0, 'as_peak': 0, 'in_prompt': 1}, 'which': {'consistency': 0.0, 'as_peak': 0, 'in_prompt': 1}, 'located': {'consistency': 0.0, 'as_peak': 0, 'in_prompt': 1}, 'containing': {'consistency': 0.0, 'as_peak': 0, 'in_prompt': 1}, 'relationship:': {'consistency': 0.0, 'as_peak': 0, 'in_prompt': 1}}","Say ""X""",17,100.0,2
18_3623,0.16666666666666666,0.16666666666666666,is,1,"{'entity:': {'consistency': 0.0, 'as_peak': 0, 'in_prompt': 3}, 'dallas': {'consistency': 0.0, 'as_peak': 0, 'in_prompt': 1}, 'is': {'consistency': 0.16666666666666666, 'as_peak': 1, 'in_prompt': 6}, 'in': {'consistency': 0.0, 'as_peak': 0, 'in_prompt': 3}, 'a': {'consistency': 0.0, 'as_peak': 0, 'in_prompt': 4}, 'city': {'consistency': 0.0, 'as_peak': 0, 'in_prompt': 5}, ',': {'consistency': 0.0, 'as_peak': 0, 'in_prompt': 1}, 'usa': {'consistency': 0.0, 'as_peak': 0, 'in_prompt': 1}, 'texas': {'consistency': 0.0, 'as_peak': 0, 'in_prompt': 3}, 'of': {'consistency': 0.0, 'as_peak': 0, 'in_prompt': 2}, 'the': {'consistency': 0.0, 'as_peak': 0, 'in_prompt': 7}, 'capital': {'consistency': 0.0, 'as_peak': 0, 'in_prompt': 2}, 'austin': {'consistency': 0.0, 'as_peak': 0, 'in_prompt': 1}, 'state': {'consistency': 0.0, 'as_peak': 0, 'in_prompt': 4}, 'united': {'consistency': 0.0, 'as_peak': 0, 'in_prompt': 1}, 'states': {'consistency': 0.0, 'as_peak': 0, 'in_prompt': 1}, 'attribute:': {'consistency': 0.0, 'as_peak': 0, 'in_prompt': 1}, 'government': {'consistency': 0.0, 'as_peak': 0, 'in_prompt': 1}, 'primary': {'consistency': 0.0, 'as_peak': 0, 'in_prompt': 1}, 'as': {'consistency': 0.0, 'as_peak': 0, 'in_prompt': 1}, 'for': {'consistency': 0.0, 'as_peak': 0, 'in_prompt': 1}, 'seat': {'consistency': 0.0, 'as_peak': 0, 'in_prompt': 1}, 'serving': {'consistency': 0.0, 'as_peak': 0, 'in_prompt': 1}, 'which': {'consistency': 0.0, 'as_peak': 0, 'in_prompt': 1}, 'located': {'consistency': 0.0, 'as_peak': 0, 'in_prompt': 1}, 'containing': {'consistency': 0.0, 'as_peak': 0, 'in_prompt': 1}, 'relationship:': {'consistency': 0.0, 'as_peak': 0, 'in_prompt': 1}}","Say ""X""",18,100.0,1
18_56027,1.0,1.0,dallas,1,"{'dallas': {'consistency': 1.0, 'as_peak': 1, 'in_prompt': 1}, 'entity:': {'consistency': 0.0, 'as_peak': 0, 'in_prompt': 3}, 'is': {'consistency': 0.0, 'as_peak': 0, 'in_prompt': 6}, 'in': {'consistency': 0.0, 'as_peak': 0, 'in_prompt': 3}, 'a': {'consistency': 0.0, 'as_peak': 0, 'in_prompt': 4}, 'city': {'consistency': 0.0, 'as_peak': 0, 'in_prompt': 5}, ',': {'consistency': 0.0, 'as_peak': 0, 'in_prompt': 1}, 'usa': {'consistency': 0.0, 'as_peak': 0, 'in_prompt': 1}, 'texas': {'consistency': 0.0, 'as_peak': 0, 'in_prompt': 3}, 'of': {'consistency': 0.0, 'as_peak': 0, 'in_prompt': 2}, 'the': {'consistency': 0.0, 'as_peak': 0, 'in_prompt': 7}, 'capital': {'consistency': 0.0, 'as_peak': 0, 'in_prompt': 2}, 'austin': {'consistency': 0.0, 'as_peak': 0, 'in_prompt': 1}, 'state': {'consistency': 0.0, 'as_peak': 0, 'in_prompt': 4}, 'united': {'consistency': 0.0, 'as_peak': 0, 'in_prompt': 1}, 'states': {'consistency': 0.0, 'as_peak': 0, 'in_prompt': 1}, 'attribute:': {'consistency': 0.0, 'as_peak': 0, 'in_prompt': 1}, 'government': {'consistency': 0.0, 'as_peak': 0, 'in_prompt': 1}, 'primary': {'consistency': 0.0, 'as_peak': 0, 'in_prompt': 1}, 'as': {'consistency': 0.0, 'as_peak': 0, 'in_prompt': 1}, 'for': {'consistency': 0.0, 'as_peak': 0, 'in_prompt': 1}, 'seat': {'consistency': 0.0, 'as_peak': 0, 'in_prompt': 1}, 'serving': {'consistency': 0.0, 'as_peak': 0, 'in_prompt': 1}, 'which': {'consistency': 0.0, 'as_peak': 0, 'in_prompt': 1}, 'located': {'consistency': 0.0, 'as_peak': 0, 'in_prompt': 1}, 'containing': {'consistency': 0.0, 'as_peak': 0, 'in_prompt': 1}, 'relationship:': {'consistency': 0.0, 'as_peak': 0, 'in_prompt': 1}}",Semantic,18,-100.0,1
18_61980,0.5833333333333334,1.0,",",2,"{',': {'consistency': 1.0, 'as_peak': 1, 'in_prompt': 1}, 'entity:': {'consistency': 0.0, 'as_peak': 0, 'in_prompt': 3}, 'dallas': {'consistency': 0.0, 'as_peak': 0, 'in_prompt': 1}, 'is': {'consistency': 0.16666666666666666, 'as_peak': 1, 'in_prompt': 6}, 'in': {'consistency': 0.0, 'as_peak': 0, 'in_prompt': 3}, 'a': {'consistency': 0.0, 'as_peak': 0, 'in_prompt': 4}, 'city': {'consistency': 0.0, 'as_peak': 0, 'in_prompt': 5}, 'usa': {'consistency': 0.0, 'as_peak': 0, 'in_prompt': 1}, 'texas': {'consistency': 0.0, 'as_peak': 0, 'in_prompt': 3}, 'of': {'consistency': 0.0, 'as_peak': 0, 'in_prompt': 2}, 'the': {'consistency': 0.0, 'as_peak': 0, 'in_prompt': 7}, 'capital': {'consistency': 0.0, 'as_peak': 0, 'in_prompt': 2}, 'austin': {'consistency': 0.0, 'as_peak': 0, 'in_prompt': 1}, 'state': {'consistency': 0.0, 'as_peak': 0, 'in_prompt': 4}, 'united': {'consistency': 0.0, 'as_peak': 0, 'in_prompt': 1}, 'states': {'consistency': 0.0, 'as_peak': 0, 'in_prompt': 1}, 'attribute:': {'consistency': 0.0, 'as_peak': 0, 'in_prompt': 1}, 'government': {'consistency': 0.0, 'as_peak': 0, 'in_prompt': 1}, 'primary': {'consistency': 0.0, 'as_peak': 0, 'in_prompt': 1}, 'as': {'consistency': 0.0, 'as_peak': 0, 'in_prompt': 1}, 'for': {'consistency': 0.0, 'as_peak': 0, 'in_prompt': 1}, 'seat': {'consistency': 0.0, 'as_peak': 0, 'in_prompt': 1}, 'serving': {'consistency': 0.0, 'as_peak': 0, 'in_prompt': 1}, 'which': {'consistency': 0.0, 'as_peak': 0, 'in_prompt': 1}, 'located': {'consistency': 0.0, 'as_peak': 0, 'in_prompt': 1}, 'containing': {'consistency': 0.0, 'as_peak': 0, 'in_prompt': 1}, 'relationship:': {'consistency': 0.0, 'as_peak': 0, 'in_prompt': 1}}","Say ""X""",18,100.0,2
19_13946,0.15476190476190477,0.16666666666666666,is,2,"{'entity:': {'consistency': 0.0, 'as_peak': 0, 'in_prompt': 3}, 'dallas': {'consistency': 0.0, 'as_peak': 0, 'in_prompt': 1}, 'is': {'consistency': 0.16666666666666666, 'as_peak': 1, 'in_prompt': 6}, 'in': {'consistency': 0.0, 'as_peak': 0, 'in_prompt': 3}, 'a': {'consistency': 0.0, 'as_peak': 0, 'in_prompt': 4}, 'city': {'consistency': 0.0, 'as_peak': 0, 'in_prompt': 5}, ',': {'consistency': 0.0, 'as_peak': 0, 'in_prompt': 1}, 'usa': {'consistency': 0.0, 'as_peak': 0, 'in_prompt': 1}, 'texas': {'consistency': 0.0, 'as_peak': 0, 'in_prompt': 3}, 'of': {'consistency': 0.0, 'as_peak': 0, 'in_prompt': 2}, 'the': {'consistency': 0.14285714285714285, 'as_peak': 1, 'in_prompt': 7}, 'capital': {'consistency': 0.0, 'as_peak': 0, 'in_prompt': 2}, 'austin': {'consistency': 0.0, 'as_peak': 0, 'in_prompt': 1}, 'state': {'consistency': 0.0, 'as_peak': 0, 'in_prompt': 4}, 'united': {'consistency': 0.0, 'as_peak': 0, 'in_prompt': 1}, 'states': {'consistency': 0.0, 'as_peak': 0, 'in_prompt': 1}, 'attribute:': {'consistency': 0.0, 'as_peak': 0, 'in_prompt': 1}, 'government': {'consistency': 0.0, 'as_peak': 0, 'in_prompt': 1}, 'primary': {'consistency': 0.0, 'as_peak': 0, 'in_prompt': 1}, 'as': {'consistency': 0.0, 'as_peak': 0, 'in_prompt': 1}, 'for': {'consistency': 0.0, 'as_peak': 0, 'in_prompt': 1}, 'seat': {'consistency': 0.0, 'as_peak': 0, 'in_prompt': 1}, 'serving': {'consistency': 0.0, 'as_peak': 0, 'in_prompt': 1}, 'which': {'consistency': 0.0, 'as_peak': 0, 'in_prompt': 1}, 'located': {'consistency': 0.0, 'as_peak': 0, 'in_prompt': 1}, 'containing': {'consistency': 0.0, 'as_peak': 0, 'in_prompt': 1}, 'relationship:': {'consistency': 0.0, 'as_peak': 0, 'in_prompt': 1}}","Say ""X""",19,100.0,2
19_54790,0.3333333333333333,0.3333333333333333,is,1,"{'entity:': {'consistency': 0.0, 'as_peak': 0, 'in_prompt': 3}, 'dallas': {'consistency': 0.0, 'as_peak': 0, 'in_prompt': 1}, 'is': {'consistency': 0.3333333333333333, 'as_peak': 2, 'in_prompt': 6}, 'in': {'consistency': 0.0, 'as_peak': 0, 'in_prompt': 3}, 'a': {'consistency': 0.0, 'as_peak': 0, 'in_prompt': 4}, 'city': {'consistency': 0.0, 'as_peak': 0, 'in_prompt': 5}, ',': {'consistency': 0.0, 'as_peak': 0, 'in_prompt': 1}, 'usa': {'consistency': 0.0, 'as_peak': 0, 'in_prompt': 1}, 'texas': {'consistency': 0.0, 'as_peak': 0, 'in_prompt': 3}, 'of': {'consistency': 0.0, 'as_peak': 0, 'in_prompt': 2}, 'the': {'consistency': 0.0, 'as_peak': 0, 'in_prompt': 7}, 'capital': {'consistency': 0.0, 'as_peak': 0, 'in_prompt': 2}, 'austin': {'consistency': 0.0, 'as_peak': 0, 'in_prompt': 1}, 'state': {'consistency': 0.0, 'as_peak': 0, 'in_prompt': 4}, 'united': {'consistency': 0.0, 'as_peak': 0, 'in_prompt': 1}, 'states': {'consistency': 0.0, 'as_peak': 0, 'in_prompt': 1}, 'attribute:': {'consistency': 0.0, 'as_peak': 0, 'in_prompt': 1}, 'government': {'consistency': 0.0, 'as_peak': 0, 'in_prompt': 1}, 'primary': {'consistency': 0.0, 'as_peak': 0, 'in_prompt': 1}, 'as': {'consistency': 0.0, 'as_peak': 0, 'in_prompt': 1}, 'for': {'consistency': 0.0, 'as_peak': 0, 'in_prompt': 1}, 'seat': {'consistency': 0.0, 'as_peak': 0, 'in_prompt': 1}, 'serving': {'consistency': 0.0, 'as_peak': 0, 'in_prompt': 1}, 'which': {'consistency': 0.0, 'as_peak': 0, 'in_prompt': 1}, 'located': {'consistency': 0.0, 'as_peak': 0, 'in_prompt': 1}, 'containing': {'consistency': 0.0, 'as_peak': 0, 'in_prompt': 1}, 'relationship:': {'consistency': 0.0, 'as_peak': 0, 'in_prompt': 1}}","Say ""X""",19,100.0,2
1_12928,0.0,0.0,entity:,0,"{'entity:': {'consistency': 0.0, 'as_peak': 0, 'in_prompt': 3}, 'dallas': {'consistency': 0.0, 'as_peak': 0, 'in_prompt': 1}, 'is': {'consistency': 0.0, 'as_peak': 0, 'in_prompt': 6}, 'in': {'consistency': 0.0, 'as_peak': 0, 'in_prompt': 3}, 'a': {'consistency': 0.0, 'as_peak': 0, 'in_prompt': 4}, 'city': {'consistency': 0.0, 'as_peak': 0, 'in_prompt': 5}, ',': {'consistency': 0.0, 'as_peak': 0, 'in_prompt': 1}, 'usa': {'consistency': 0.0, 'as_peak': 0, 'in_prompt': 1}, 'texas': {'consistency': 0.0, 'as_peak': 0, 'in_prompt': 3}, 'of': {'consistency': 0.0, 'as_peak': 0, 'in_prompt': 2}, 'the': {'consistency': 0.0, 'as_peak': 0, 'in_prompt': 7}, 'capital': {'consistency': 0.0, 'as_peak': 0, 'in_prompt': 2}, 'austin': {'consistency': 0.0, 'as_peak': 0, 'in_prompt': 1}, 'state': {'consistency': 0.0, 'as_peak': 0, 'in_prompt': 4}, 'united': {'consistency': 0.0, 'as_peak': 0, 'in_prompt': 1}, 'states': {'consistency': 0.0, 'as_peak': 0, 'in_prompt': 1}, 'attribute:': {'consistency': 0.0, 'as_peak': 0, 'in_prompt': 1}, 'government': {'consistency': 0.0, 'as_peak': 0, 'in_prompt': 1}, 'primary': {'consistency': 0.0, 'as_peak': 0, 'in_prompt': 1}, 'as': {'consistency': 0.0, 'as_peak': 0, 'in_prompt': 1}, 'for': {'consistency': 0.0, 'as_peak': 0, 'in_prompt': 1}, 'seat': {'consistency': 0.0, 'as_peak': 0, 'in_prompt': 1}, 'serving': {'consistency': 0.0, 'as_peak': 0, 'in_prompt': 1}, 'which': {'consistency': 0.0, 'as_peak': 0, 'in_prompt': 1}, 'located': {'consistency': 0.0, 'as_peak': 0, 'in_prompt': 1}, 'containing': {'consistency': 0.0, 'as_peak': 0, 'in_prompt': 1}, 'relationship:': {'consistency': 0.0, 'as_peak': 0, 'in_prompt': 1}}",Relationship,1,-100.0,5
1_52044,0.8500000000000001,1.0,capital,4,"{'usa': {'consistency': 1.0, 'as_peak': 1, 'in_prompt': 1}, 'entity:': {'consistency': 0.0, 'as_peak': 0, 'in_prompt': 3}, 'dallas': {'consistency': 0.0, 'as_peak': 0, 'in_prompt': 1}, 'is': {'consistency': 0.0, 'as_peak': 0, 'in_prompt': 6}, 'in': {'consistency': 0.0, 'as_peak': 0, 'in_prompt': 3}, 'a': {'consistency': 0.0, 'as_peak': 0, 'in_prompt': 4}, 'city': {'consistency': 0.0, 'as_peak': 0, 'in_prompt': 5}, ',': {'consistency': 0.0, 'as_peak': 0, 'in_prompt': 1}, 'texas': {'consistency': 0.0, 'as_peak': 0, 'in_prompt': 3}, 'capital': {'consistency': 1.0, 'as_peak': 2, 'in_prompt': 2}, 'of': {'consistency': 0.0, 'as_peak': 0, 'in_prompt': 2}, 'the': {'consistency': 0.0, 'as_peak': 0, 'in_prompt': 7}, 'austin': {'consistency': 0.0, 'as_peak': 0, 'in_prompt': 1}, 'state': {'consistency': 0.25, 'as_peak': 1, 'in_prompt': 4}, 'united': {'consistency': 0.0, 'as_peak': 0, 'in_prompt': 1}, 'states': {'consistency': 0.0, 'as_peak': 0, 'in_prompt': 1}, 'attribute:': {'consistency': 0.0, 'as_peak': 0, 'in_prompt': 1}, 'government': {'consistency': 0.0, 'as_peak': 0, 'in_prompt': 1}, 'primary': {'consistency': 0.0, 'as_peak': 0, 'in_prompt': 1}, 'as': {'consistency': 0.0, 'as_peak': 0, 'in_prompt': 1}, 'for': {'consistency': 0.0, 'as_peak': 0, 'in_prompt': 1}, 'seat': {'consistency': 0.0, 'as_peak': 0, 'in_prompt': 1}, 'serving': {'consistency': 0.0, 'as_peak': 0, 'in_prompt': 1}, 'containing': {'consistency': 1.0, 'as_peak': 1, 'in_prompt': 1}, 'which': {'consistency': 0.0, 'as_peak': 0, 'in_prompt': 1}, 'located': {'consistency': 0.0, 'as_peak': 0, 'in_prompt': 1}, 'relationship:': {'consistency': 0.0, 'as_peak': 0, 'in_prompt': 1}}",Relationship,1,-100.0,5
1_57794,0.0,0.0,entity:,0,"{'entity:': {'consistency': 0.0, 'as_peak': 0, 'in_prompt': 3}, 'dallas': {'consistency': 0.0, 'as_peak': 0, 'in_prompt': 1}, 'is': {'consistency': 0.0, 'as_peak': 0, 'in_prompt': 6}, 'in': {'consistency': 0.0, 'as_peak': 0, 'in_prompt': 3}, 'a': {'consistency': 0.0, 'as_peak': 0, 'in_prompt': 4}, 'city': {'consistency': 0.0, 'as_peak': 0, 'in_prompt': 5}, ',': {'consistency': 0.0, 'as_peak': 0, 'in_prompt': 1}, 'usa': {'consistency': 0.0, 'as_peak': 0, 'in_prompt': 1}, 'texas': {'consistency': 0.0, 'as_peak': 0, 'in_prompt': 3}, 'of': {'consistency': 0.0, 'as_peak': 0, 'in_prompt': 2}, 'the': {'consistency': 0.0, 'as_peak': 0, 'in_prompt': 7}, 'capital': {'consistency': 0.0, 'as_peak': 0, 'in_prompt': 2}, 'austin': {'consistency': 0.0, 'as_peak': 0, 'in_prompt': 1}, 'state': {'consistency': 0.0, 'as_peak': 0, 'in_prompt': 4}, 'united': {'consistency': 0.0, 'as_peak': 0, 'in_prompt': 1}, 'states': {'consistency': 0.0, 'as_peak': 0, 'in_prompt': 1}, 'attribute:': {'consistency': 0.0, 'as_peak': 0, 'in_prompt': 1}, 'government': {'consistency': 0.0, 'as_peak': 0, 'in_prompt': 1}, 'primary': {'consistency': 0.0, 'as_peak': 0, 'in_prompt': 1}, 'as': {'consistency': 0.0, 'as_peak': 0, 'in_prompt': 1}, 'for': {'consistency': 0.0, 'as_peak': 0, 'in_prompt': 1}, 'seat': {'consistency': 0.0, 'as_peak': 0, 'in_prompt': 1}, 'serving': {'consistency': 0.0, 'as_peak': 0, 'in_prompt': 1}, 'which': {'consistency': 0.0, 'as_peak': 0, 'in_prompt': 1}, 'located': {'consistency': 0.0, 'as_peak': 0, 'in_prompt': 1}, 'containing': {'consistency': 0.0, 'as_peak': 0, 'in_prompt': 1}, 'relationship:': {'consistency': 0.0, 'as_peak': 0, 'in_prompt': 1}}",Relationship,1,-100.0,5
1_72774,0.61,0.4,city,4,"{'city': {'consistency': 0.4, 'as_peak': 2, 'in_prompt': 5}, 'entity:': {'consistency': 0.0, 'as_peak': 0, 'in_prompt': 3}, 'dallas': {'consistency': 0.0, 'as_peak': 0, 'in_prompt': 1}, 'is': {'consistency': 0.0, 'as_peak': 0, 'in_prompt': 6}, 'in': {'consistency': 0.0, 'as_peak': 0, 'in_prompt': 3}, 'a': {'consistency': 0.0, 'as_peak': 0, 'in_prompt': 4}, ',': {'consistency': 0.0, 'as_peak': 0, 'in_prompt': 1}, 'usa': {'consistency': 0.0, 'as_peak': 0, 'in_prompt': 1}, 'texas': {'consistency': 0.0, 'as_peak': 0, 'in_prompt': 3}, 'of': {'consistency': 0.0, 'as_peak': 0, 'in_prompt': 2}, 'the': {'consistency': 0.0, 'as_peak': 0, 'in_prompt': 7}, 'capital': {'consistency': 0.0, 'as_peak': 0, 'in_prompt': 2}, 'austin': {'consistency': 0.0, 'as_peak': 0, 'in_prompt': 1}, 'state': {'consistency': 0.25, 'as_peak': 1, 'in_prompt': 4}, 'united': {'consistency': 0.0, 'as_peak': 0, 'in_prompt': 1}, 'states': {'consistency': 0.0, 'as_peak': 0, 'in_prompt': 1}, 'primary': {'consistency': 1.0, 'as_peak': 1, 'in_prompt': 1}, 'attribute:': {'consistency': 0.0, 'as_peak': 0, 'in_prompt': 1}, 'government': {'consistency': 0.0, 'as_peak': 0, 'in_prompt': 1}, 'as': {'consistency': 0.0, 'as_peak': 0, 'in_prompt': 1}, 'for': {'consistency': 0.0, 'as_peak': 0, 'in_prompt': 1}, 'seat': {'consistency': 0.0, 'as_peak': 0, 'in_prompt': 1}, 'serving': {'consistency': 0.0, 'as_peak': 0, 'in_prompt': 1}, 'containing': {'consistency': 1.0, 'as_peak': 1, 'in_prompt': 1}, 'which': {'consistency': 0.0, 'as_peak': 0, 'in_prompt': 1}, 'located': {'consistency': 0.0, 'as_peak': 0, 'in_prompt': 1}, 'relationship:': {'consistency': 0.0, 'as_peak': 0, 'in_prompt': 1}}",Relationship,1,-100.0,5
1_89326,1.0,1.0,dallas,1,"{'dallas': {'consistency': 1.0, 'as_peak': 1, 'in_prompt': 1}, 'entity:': {'consistency': 0.0, 'as_peak': 0, 'in_prompt': 3}, 'is': {'consistency': 0.0, 'as_peak': 0, 'in_prompt': 6}, 'in': {'consistency': 0.0, 'as_peak': 0, 'in_prompt': 3}, 'a': {'consistency': 0.0, 'as_peak': 0, 'in_prompt': 4}, 'city': {'consistency': 0.0, 'as_peak': 0, 'in_prompt': 5}, ',': {'consistency': 0.0, 'as_peak': 0, 'in_prompt': 1}, 'usa': {'consistency': 0.0, 'as_peak': 0, 'in_prompt': 1}, 'texas': {'consistency': 0.0, 'as_peak': 0, 'in_prompt': 3}, 'of': {'consistency': 0.0, 'as_peak': 0, 'in_prompt': 2}, 'the': {'consistency': 0.0, 'as_peak': 0, 'in_prompt': 7}, 'capital': {'consistency': 0.0, 'as_peak': 0, 'in_prompt': 2}, 'austin': {'consistency': 0.0, 'as_peak': 0, 'in_prompt': 1}, 'state': {'consistency': 0.0, 'as_peak': 0, 'in_prompt': 4}, 'united': {'consistency': 0.0, 'as_peak': 0, 'in_prompt': 1}, 'states': {'consistency': 0.0, 'as_peak': 0, 'in_prompt': 1}, 'attribute:': {'consistency': 0.0, 'as_peak': 0, 'in_prompt': 1}, 'government': {'consistency': 0.0, 'as_peak': 0, 'in_prompt': 1}, 'primary': {'consistency': 0.0, 'as_peak': 0, 'in_prompt': 1}, 'as': {'consistency': 0.0, 'as_peak': 0, 'in_prompt': 1}, 'for': {'consistency': 0.0, 'as_peak': 0, 'in_prompt': 1}, 'seat': {'consistency': 0.0, 'as_peak': 0, 'in_prompt': 1}, 'serving': {'consistency': 0.0, 'as_peak': 0, 'in_prompt': 1}, 'which': {'consistency': 0.0, 'as_peak': 0, 'in_prompt': 1}, 'located': {'consistency': 0.0, 'as_peak': 0, 'in_prompt': 1}, 'containing': {'consistency': 0.0, 'as_peak': 0, 'in_prompt': 1}, 'relationship:': {'consistency': 0.0, 'as_peak': 0, 'in_prompt': 1}}",Semantic,1,-100.0,1
20_44686,0.5,1.0,dallas,3,"{'dallas': {'consistency': 1.0, 'as_peak': 1, 'in_prompt': 1}, 'entity:': {'consistency': 0.0, 'as_peak': 0, 'in_prompt': 3}, 'is': {'consistency': 0.16666666666666666, 'as_peak': 1, 'in_prompt': 6}, 'in': {'consistency': 0.0, 'as_peak': 0, 'in_prompt': 3}, 'a': {'consistency': 0.0, 'as_peak': 0, 'in_prompt': 4}, 'city': {'consistency': 0.0, 'as_peak': 0, 'in_prompt': 5}, ',': {'consistency': 0.0, 'as_peak': 0, 'in_prompt': 1}, 'usa': {'consistency': 0.0, 'as_peak': 0, 'in_prompt': 1}, 'texas': {'consistency': 0.3333333333333333, 'as_peak': 1, 'in_prompt': 3}, 'of': {'consistency': 0.0, 'as_peak': 0, 'in_prompt': 2}, 'the': {'consistency': 0.0, 'as_peak': 0, 'in_prompt': 7}, 'capital': {'consistency': 0.0, 'as_peak': 0, 'in_prompt': 2}, 'austin': {'consistency': 0.0, 'as_peak': 0, 'in_prompt': 1}, 'state': {'consistency': 0.0, 'as_peak': 0, 'in_prompt': 4}, 'united': {'consistency': 0.0, 'as_peak': 0, 'in_prompt': 1}, 'states': {'consistency': 0.0, 'as_peak': 0, 'in_prompt': 1}, 'attribute:': {'consistency': 0.0, 'as_peak': 0, 'in_prompt': 1}, 'government': {'consistency': 0.0, 'as_peak': 0, 'in_prompt': 1}, 'primary': {'consistency': 0.0, 'as_peak': 0, 'in_prompt': 1}, 'as': {'consistency': 0.0, 'as_peak': 0, 'in_prompt': 1}, 'for': {'consistency': 0.0, 'as_peak': 0, 'in_prompt': 1}, 'seat': {'consistency': 0.0, 'as_peak': 0, 'in_prompt': 1}, 'serving': {'consistency': 0.0, 'as_peak': 0, 'in_prompt': 1}, 'which': {'consistency': 0.0, 'as_peak': 0, 'in_prompt': 1}, 'located': {'consistency': 0.0, 'as_peak': 0, 'in_prompt': 1}, 'containing': {'consistency': 0.0, 'as_peak': 0, 'in_prompt': 1}, 'relationship:': {'consistency': 0.0, 'as_peak': 0, 'in_prompt': 1}}",Semantic,20,45.85185938341144,3
20_74108,0.15476190476190477,0.16666666666666666,is,2,"{'entity:': {'consistency': 0.0, 'as_peak': 0, 'in_prompt': 3}, 'dallas': {'consistency': 0.0, 'as_peak': 0, 'in_prompt': 1}, 'is': {'consistency': 0.16666666666666666, 'as_peak': 1, 'in_prompt': 6}, 'in': {'consistency': 0.0, 'as_peak': 0, 'in_prompt': 3}, 'a': {'consistency': 0.0, 'as_peak': 0, 'in_prompt': 4}, 'city': {'consistency': 0.0, 'as_peak': 0, 'in_prompt': 5}, ',': {'consistency': 0.0, 'as_peak': 0, 'in_prompt': 1}, 'usa': {'consistency': 0.0, 'as_peak': 0, 'in_prompt': 1}, 'texas': {'consistency': 0.0, 'as_peak': 0, 'in_prompt': 3}, 'of': {'consistency': 0.0, 'as_peak': 0, 'in_prompt': 2}, 'the': {'consistency': 0.14285714285714285, 'as_peak': 1, 'in_prompt': 7}, 'capital': {'consistency': 0.0, 'as_peak': 0, 'in_prompt': 2}, 'austin': {'consistency': 0.0, 'as_peak': 0, 'in_prompt': 1}, 'state': {'consistency': 0.0, 'as_peak': 0, 'in_prompt': 4}, 'united': {'consistency': 0.0, 'as_peak': 0, 'in_prompt': 1}, 'states': {'consistency': 0.0, 'as_peak': 0, 'in_prompt': 1}, 'attribute:': {'consistency': 0.0, 'as_peak': 0, 'in_prompt': 1}, 'government': {'consistency': 0.0, 'as_peak': 0, 'in_prompt': 1}, 'primary': {'consistency': 0.0, 'as_peak': 0, 'in_prompt': 1}, 'as': {'consistency': 0.0, 'as_peak': 0, 'in_prompt': 1}, 'for': {'consistency': 0.0, 'as_peak': 0, 'in_prompt': 1}, 'seat': {'consistency': 0.0, 'as_peak': 0, 'in_prompt': 1}, 'serving': {'consistency': 0.0, 'as_peak': 0, 'in_prompt': 1}, 'which': {'consistency': 0.0, 'as_peak': 0, 'in_prompt': 1}, 'located': {'consistency': 0.0, 'as_peak': 0, 'in_prompt': 1}, 'containing': {'consistency': 0.0, 'as_peak': 0, 'in_prompt': 1}, 'relationship:': {'consistency': 0.0, 'as_peak': 0, 'in_prompt': 1}}","Say ""X""",20,100.0,2
21_16875,0.16666666666666666,0.16666666666666666,is,1,"{'entity:': {'consistency': 0.0, 'as_peak': 0, 'in_prompt': 3}, 'dallas': {'consistency': 0.0, 'as_peak': 0, 'in_prompt': 1}, 'is': {'consistency': 0.16666666666666666, 'as_peak': 1, 'in_prompt': 6}, 'in': {'consistency': 0.0, 'as_peak': 0, 'in_prompt': 3}, 'a': {'consistency': 0.0, 'as_peak': 0, 'in_prompt': 4}, 'city': {'consistency': 0.0, 'as_peak': 0, 'in_prompt': 5}, ',': {'consistency': 0.0, 'as_peak': 0, 'in_prompt': 1}, 'usa': {'consistency': 0.0, 'as_peak': 0, 'in_prompt': 1}, 'texas': {'consistency': 0.0, 'as_peak': 0, 'in_prompt': 3}, 'of': {'consistency': 0.0, 'as_peak': 0, 'in_prompt': 2}, 'the': {'consistency': 0.0, 'as_peak': 0, 'in_prompt': 7}, 'capital': {'consistency': 0.0, 'as_peak': 0, 'in_prompt': 2}, 'austin': {'consistency': 0.0, 'as_peak': 0, 'in_prompt': 1}, 'state': {'consistency': 0.0, 'as_peak': 0, 'in_prompt': 4}, 'united': {'consistency': 0.0, 'as_peak': 0, 'in_prompt': 1}, 'states': {'consistency': 0.0, 'as_peak': 0, 'in_prompt': 1}, 'attribute:': {'consistency': 0.0, 'as_peak': 0, 'in_prompt': 1}, 'government': {'consistency': 0.0, 'as_peak': 0, 'in_prompt': 1}, 'primary': {'consistency': 0.0, 'as_peak': 0, 'in_prompt': 1}, 'as': {'consistency': 0.0, 'as_peak': 0, 'in_prompt': 1}, 'for': {'consistency': 0.0, 'as_peak': 0, 'in_prompt': 1}, 'seat': {'consistency': 0.0, 'as_peak': 0, 'in_prompt': 1}, 'serving': {'consistency': 0.0, 'as_peak': 0, 'in_prompt': 1}, 'which': {'consistency': 0.0, 'as_peak': 0, 'in_prompt': 1}, 'located': {'consistency': 0.0, 'as_peak': 0, 'in_prompt': 1}, 'containing': {'consistency': 0.0, 'as_peak': 0, 'in_prompt': 1}, 'relationship:': {'consistency': 0.0, 'as_peak': 0, 'in_prompt': 1}}","Say ""X""",21,100.0,1
21_61721,0.16666666666666666,0.16666666666666666,is,1,"{'entity:': {'consistency': 0.0, 'as_peak': 0, 'in_prompt': 3}, 'dallas': {'consistency': 0.0, 'as_peak': 0, 'in_prompt': 1}, 'is': {'consistency': 0.16666666666666666, 'as_peak': 1, 'in_prompt': 6}, 'in': {'consistency': 0.0, 'as_peak': 0, 'in_prompt': 3}, 'a': {'consistency': 0.0, 'as_peak': 0, 'in_prompt': 4}, 'city': {'consistency': 0.0, 'as_peak': 0, 'in_prompt': 5}, ',': {'consistency': 0.0, 'as_peak': 0, 'in_prompt': 1}, 'usa': {'consistency': 0.0, 'as_peak': 0, 'in_prompt': 1}, 'texas': {'consistency': 0.0, 'as_peak': 0, 'in_prompt': 3}, 'of': {'consistency': 0.0, 'as_peak': 0, 'in_prompt': 2}, 'the': {'consistency': 0.0, 'as_peak': 0, 'in_prompt': 7}, 'capital': {'consistency': 0.0, 'as_peak': 0, 'in_prompt': 2}, 'austin': {'consistency': 0.0, 'as_peak': 0, 'in_prompt': 1}, 'state': {'consistency': 0.0, 'as_peak': 0, 'in_prompt': 4}, 'united': {'consistency': 0.0, 'as_peak': 0, 'in_prompt': 1}, 'states': {'consistency': 0.0, 'as_peak': 0, 'in_prompt': 1}, 'attribute:': {'consistency': 0.0, 'as_peak': 0, 'in_prompt': 1}, 'government': {'consistency': 0.0, 'as_peak': 0, 'in_prompt': 1}, 'primary': {'consistency': 0.0, 'as_peak': 0, 'in_prompt': 1}, 'as': {'consistency': 0.0, 'as_peak': 0, 'in_prompt': 1}, 'for': {'consistency': 0.0, 'as_peak': 0, 'in_prompt': 1}, 'seat': {'consistency': 0.0, 'as_peak': 0, 'in_prompt': 1}, 'serving': {'consistency': 0.0, 'as_peak': 0, 'in_prompt': 1}, 'which': {'consistency': 0.0, 'as_peak': 0, 'in_prompt': 1}, 'located': {'consistency': 0.0, 'as_peak': 0, 'in_prompt': 1}, 'containing': {'consistency': 0.0, 'as_peak': 0, 'in_prompt': 1}, 'relationship:': {'consistency': 0.0, 'as_peak': 0, 'in_prompt': 1}}","Say ""X""",21,100.0,1
21_84338,0.3333333333333333,0.3333333333333333,is,1,"{'entity:': {'consistency': 0.0, 'as_peak': 0, 'in_prompt': 3}, 'dallas': {'consistency': 0.0, 'as_peak': 0, 'in_prompt': 1}, 'is': {'consistency': 0.3333333333333333, 'as_peak': 2, 'in_prompt': 6}, 'in': {'consistency': 0.0, 'as_peak': 0, 'in_prompt': 3}, 'a': {'consistency': 0.0, 'as_peak': 0, 'in_prompt': 4}, 'city': {'consistency': 0.0, 'as_peak': 0, 'in_prompt': 5}, ',': {'consistency': 0.0, 'as_peak': 0, 'in_prompt': 1}, 'usa': {'consistency': 0.0, 'as_peak': 0, 'in_prompt': 1}, 'texas': {'consistency': 0.0, 'as_peak': 0, 'in_prompt': 3}, 'of': {'consistency': 0.0, 'as_peak': 0, 'in_prompt': 2}, 'the': {'consistency': 0.0, 'as_peak': 0, 'in_prompt': 7}, 'capital': {'consistency': 0.0, 'as_peak': 0, 'in_prompt': 2}, 'austin': {'consistency': 0.0, 'as_peak': 0, 'in_prompt': 1}, 'state': {'consistency': 0.0, 'as_peak': 0, 'in_prompt': 4}, 'united': {'consistency': 0.0, 'as_peak': 0, 'in_prompt': 1}, 'states': {'consistency': 0.0, 'as_peak': 0, 'in_prompt': 1}, 'attribute:': {'consistency': 0.0, 'as_peak': 0, 'in_prompt': 1}, 'government': {'consistency': 0.0, 'as_peak': 0, 'in_prompt': 1}, 'primary': {'consistency': 0.0, 'as_peak': 0, 'in_prompt': 1}, 'as': {'consistency': 0.0, 'as_peak': 0, 'in_prompt': 1}, 'for': {'consistency': 0.0, 'as_peak': 0, 'in_prompt': 1}, 'seat': {'consistency': 0.0, 'as_peak': 0, 'in_prompt': 1}, 'serving': {'consistency': 0.0, 'as_peak': 0, 'in_prompt': 1}, 'which': {'consistency': 0.0, 'as_peak': 0, 'in_prompt': 1}, 'located': {'consistency': 0.0, 'as_peak': 0, 'in_prompt': 1}, 'containing': {'consistency': 0.0, 'as_peak': 0, 'in_prompt': 1}, 'relationship:': {'consistency': 0.0, 'as_peak': 0, 'in_prompt': 1}}","Say ""X""",21,100.0,2
22_11998,0.5833333333333334,1.0,dallas,2,"{'dallas': {'consistency': 1.0, 'as_peak': 1, 'in_prompt': 1}, 'entity:': {'consistency': 0.0, 'as_peak': 0, 'in_prompt': 3}, 'is': {'consistency': 0.16666666666666666, 'as_peak': 1, 'in_prompt': 6}, 'in': {'consistency': 0.0, 'as_peak': 0, 'in_prompt': 3}, 'a': {'consistency': 0.0, 'as_peak': 0, 'in_prompt': 4}, 'city': {'consistency': 0.0, 'as_peak': 0, 'in_prompt': 5}, ',': {'consistency': 0.0, 'as_peak': 0, 'in_prompt': 1}, 'usa': {'consistency': 0.0, 'as_peak': 0, 'in_prompt': 1}, 'texas': {'consistency': 0.0, 'as_peak': 0, 'in_prompt': 3}, 'of': {'consistency': 0.0, 'as_peak': 0, 'in_prompt': 2}, 'the': {'consistency': 0.0, 'as_peak': 0, 'in_prompt': 7}, 'capital': {'consistency': 0.0, 'as_peak': 0, 'in_prompt': 2}, 'austin': {'consistency': 0.0, 'as_peak': 0, 'in_prompt': 1}, 'state': {'consistency': 0.0, 'as_peak': 0, 'in_prompt': 4}, 'united': {'consistency': 0.0, 'as_peak': 0, 'in_prompt': 1}, 'states': {'consistency': 0.0, 'as_peak': 0, 'in_prompt': 1}, 'attribute:': {'consistency': 0.0, 'as_peak': 0, 'in_prompt': 1}, 'government': {'consistency': 0.0, 'as_peak': 0, 'in_prompt': 1}, 'primary': {'consistency': 0.0, 'as_peak': 0, 'in_prompt': 1}, 'as': {'consistency': 0.0, 'as_peak': 0, 'in_prompt': 1}, 'for': {'consistency': 0.0, 'as_peak': 0, 'in_prompt': 1}, 'seat': {'consistency': 0.0, 'as_peak': 0, 'in_prompt': 1}, 'serving': {'consistency': 0.0, 'as_peak': 0, 'in_prompt': 1}, 'which': {'consistency': 0.0, 'as_peak': 0, 'in_prompt': 1}, 'located': {'consistency': 0.0, 'as_peak': 0, 'in_prompt': 1}, 'containing': {'consistency': 0.0, 'as_peak': 0, 'in_prompt': 1}, 'relationship:': {'consistency': 0.0, 'as_peak': 0, 'in_prompt': 1}}",Semantic,22,-6.236348389413076,2
22_32893,0.16666666666666666,0.16666666666666666,is,1,"{'entity:': {'consistency': 0.0, 'as_peak': 0, 'in_prompt': 3}, 'dallas': {'consistency': 0.0, 'as_peak': 0, 'in_prompt': 1}, 'is': {'consistency': 0.16666666666666666, 'as_peak': 1, 'in_prompt': 6}, 'in': {'consistency': 0.0, 'as_peak': 0, 'in_prompt': 3}, 'a': {'consistency': 0.0, 'as_peak': 0, 'in_prompt': 4}, 'city': {'consistency': 0.0, 'as_peak': 0, 'in_prompt': 5}, ',': {'consistency': 0.0, 'as_peak': 0, 'in_prompt': 1}, 'usa': {'consistency': 0.0, 'as_peak': 0, 'in_prompt': 1}, 'texas': {'consistency': 0.0, 'as_peak': 0, 'in_prompt': 3}, 'of': {'consistency': 0.0, 'as_peak': 0, 'in_prompt': 2}, 'the': {'consistency': 0.0, 'as_peak': 0, 'in_prompt': 7}, 'capital': {'consistency': 0.0, 'as_peak': 0, 'in_prompt': 2}, 'austin': {'consistency': 0.0, 'as_peak': 0, 'in_prompt': 1}, 'state': {'consistency': 0.0, 'as_peak': 0, 'in_prompt': 4}, 'united': {'consistency': 0.0, 'as_peak': 0, 'in_prompt': 1}, 'states': {'consistency': 0.0, 'as_peak': 0, 'in_prompt': 1}, 'attribute:': {'consistency': 0.0, 'as_peak': 0, 'in_prompt': 1}, 'government': {'consistency': 0.0, 'as_peak': 0, 'in_prompt': 1}, 'primary': {'consistency': 0.0, 'as_peak': 0, 'in_prompt': 1}, 'as': {'consistency': 0.0, 'as_peak': 0, 'in_prompt': 1}, 'for': {'consistency': 0.0, 'as_peak': 0, 'in_prompt': 1}, 'seat': {'consistency': 0.0, 'as_peak': 0, 'in_prompt': 1}, 'serving': {'consistency': 0.0, 'as_peak': 0, 'in_prompt': 1}, 'which': {'consistency': 0.0, 'as_peak': 0, 'in_prompt': 1}, 'located': {'consistency': 0.0, 'as_peak': 0, 'in_prompt': 1}, 'containing': {'consistency': 0.0, 'as_peak': 0, 'in_prompt': 1}, 'relationship:': {'consistency': 0.0, 'as_peak': 0, 'in_prompt': 1}}","Say ""X""",22,100.0,1
22_74186,0.5833333333333334,1.0,",",2,"{',': {'consistency': 1.0, 'as_peak': 1, 'in_prompt': 1}, 'entity:': {'consistency': 0.0, 'as_peak': 0, 'in_prompt': 3}, 'dallas': {'consistency': 0.0, 'as_peak': 0, 'in_prompt': 1}, 'is': {'consistency': 0.16666666666666666, 'as_peak': 1, 'in_prompt': 6}, 'in': {'consistency': 0.0, 'as_peak': 0, 'in_prompt': 3}, 'a': {'consistency': 0.0, 'as_peak': 0, 'in_prompt': 4}, 'city': {'consistency': 0.0, 'as_peak': 0, 'in_prompt': 5}, 'usa': {'consistency': 0.0, 'as_peak': 0, 'in_prompt': 1}, 'texas': {'consistency': 0.0, 'as_peak': 0, 'in_prompt': 3}, 'of': {'consistency': 0.0, 'as_peak': 0, 'in_prompt': 2}, 'the': {'consistency': 0.0, 'as_peak': 0, 'in_prompt': 7}, 'capital': {'consistency': 0.0, 'as_peak': 0, 'in_prompt': 2}, 'austin': {'consistency': 0.0, 'as_peak': 0, 'in_prompt': 1}, 'state': {'consistency': 0.0, 'as_peak': 0, 'in_prompt': 4}, 'united': {'consistency': 0.0, 'as_peak': 0, 'in_prompt': 1}, 'states': {'consistency': 0.0, 'as_peak': 0, 'in_prompt': 1}, 'attribute:': {'consistency': 0.0, 'as_peak': 0, 'in_prompt': 1}, 'government': {'consistency': 0.0, 'as_peak': 0, 'in_prompt': 1}, 'primary': {'consistency': 0.0, 'as_peak': 0, 'in_prompt': 1}, 'as': {'consistency': 0.0, 'as_peak': 0, 'in_prompt': 1}, 'for': {'consistency': 0.0, 'as_peak': 0, 'in_prompt': 1}, 'seat': {'consistency': 0.0, 'as_peak': 0, 'in_prompt': 1}, 'serving': {'consistency': 0.0, 'as_peak': 0, 'in_prompt': 1}, 'which': {'consistency': 0.0, 'as_peak': 0, 'in_prompt': 1}, 'located': {'consistency': 0.0, 'as_peak': 0, 'in_prompt': 1}, 'containing': {'consistency': 0.0, 'as_peak': 0, 'in_prompt': 1}, 'relationship:': {'consistency': 0.0, 'as_peak': 0, 'in_prompt': 1}}","Say ""X""",22,100.0,2
22_81571,0.16666666666666666,0.16666666666666666,is,1,"{'entity:': {'consistency': 0.0, 'as_peak': 0, 'in_prompt': 3}, 'dallas': {'consistency': 0.0, 'as_peak': 0, 'in_prompt': 1}, 'is': {'consistency': 0.16666666666666666, 'as_peak': 1, 'in_prompt': 6}, 'in': {'consistency': 0.0, 'as_peak': 0, 'in_prompt': 3}, 'a': {'consistency': 0.0, 'as_peak': 0, 'in_prompt': 4}, 'city': {'consistency': 0.0, 'as_peak': 0, 'in_prompt': 5}, ',': {'consistency': 0.0, 'as_peak': 0, 'in_prompt': 1}, 'usa': {'consistency': 0.0, 'as_peak': 0, 'in_prompt': 1}, 'texas': {'consistency': 0.0, 'as_peak': 0, 'in_prompt': 3}, 'of': {'consistency': 0.0, 'as_peak': 0, 'in_prompt': 2}, 'the': {'consistency': 0.0, 'as_peak': 0, 'in_prompt': 7}, 'capital': {'consistency': 0.0, 'as_peak': 0, 'in_prompt': 2}, 'austin': {'consistency': 0.0, 'as_peak': 0, 'in_prompt': 1}, 'state': {'consistency': 0.0, 'as_peak': 0, 'in_prompt': 4}, 'united': {'consistency': 0.0, 'as_peak': 0, 'in_prompt': 1}, 'states': {'consistency': 0.0, 'as_peak': 0, 'in_prompt': 1}, 'attribute:': {'consistency': 0.0, 'as_peak': 0, 'in_prompt': 1}, 'government': {'consistency': 0.0, 'as_peak': 0, 'in_prompt': 1}, 'primary': {'consistency': 0.0, 'as_peak': 0, 'in_prompt': 1}, 'as': {'consistency': 0.0, 'as_peak': 0, 'in_prompt': 1}, 'for': {'consistency': 0.0, 'as_peak': 0, 'in_prompt': 1}, 'seat': {'consistency': 0.0, 'as_peak': 0, 'in_prompt': 1}, 'serving': {'consistency': 0.0, 'as_peak': 0, 'in_prompt': 1}, 'which': {'consistency': 0.0, 'as_peak': 0, 'in_prompt': 1}, 'located': {'consistency': 0.0, 'as_peak': 0, 'in_prompt': 1}, 'containing': {'consistency': 0.0, 'as_peak': 0, 'in_prompt': 1}, 'relationship:': {'consistency': 0.0, 'as_peak': 0, 'in_prompt': 1}}","Say ""X""",22,100.0,1
7_24743,1.0,1.0,texas,1,"{'texas': {'consistency': 1.0, 'as_peak': 3, 'in_prompt': 3}, 'entity:': {'consistency': 0.0, 'as_peak': 0, 'in_prompt': 3}, 'dallas': {'consistency': 0.0, 'as_peak': 0, 'in_prompt': 1}, 'is': {'consistency': 0.0, 'as_peak': 0, 'in_prompt': 6}, 'in': {'consistency': 0.0, 'as_peak': 0, 'in_prompt': 3}, 'a': {'consistency': 0.0, 'as_peak': 0, 'in_prompt': 4}, 'city': {'consistency': 0.0, 'as_peak': 0, 'in_prompt': 5}, ',': {'consistency': 0.0, 'as_peak': 0, 'in_prompt': 1}, 'usa': {'consistency': 0.0, 'as_peak': 0, 'in_prompt': 1}, 'of': {'consistency': 0.0, 'as_peak': 0, 'in_prompt': 2}, 'the': {'consistency': 0.0, 'as_peak': 0, 'in_prompt': 7}, 'capital': {'consistency': 0.0, 'as_peak': 0, 'in_prompt': 2}, 'austin': {'consistency': 0.0, 'as_peak': 0, 'in_prompt': 1}, 'state': {'consistency': 0.0, 'as_peak': 0, 'in_prompt': 4}, 'united': {'consistency': 0.0, 'as_peak': 0, 'in_prompt': 1}, 'states': {'consistency': 0.0, 'as_peak': 0, 'in_prompt': 1}, 'attribute:': {'consistency': 0.0, 'as_peak': 0, 'in_prompt': 1}, 'government': {'consistency': 0.0, 'as_peak': 0, 'in_prompt': 1}, 'primary': {'consistency': 0.0, 'as_peak': 0, 'in_prompt': 1}, 'as': {'consistency': 0.0, 'as_peak': 0, 'in_prompt': 1}, 'for': {'consistency': 0.0, 'as_peak': 0, 'in_prompt': 1}, 'seat': {'consistency': 0.0, 'as_peak': 0, 'in_prompt': 1}, 'serving': {'consistency': 0.0, 'as_peak': 0, 'in_prompt': 1}, 'which': {'consistency': 0.0, 'as_peak': 0, 'in_prompt': 1}, 'located': {'consistency': 0.0, 'as_peak': 0, 'in_prompt': 1}, 'containing': {'consistency': 0.0, 'as_peak': 0, 'in_prompt': 1}, 'relationship:': {'consistency': 0.0, 'as_peak': 0, 'in_prompt': 1}}",Semantic,7,-100.0,3
7_3144,0.5833333333333334,0.16666666666666666,is,2,"{'entity:': {'consistency': 0.0, 'as_peak': 0, 'in_prompt': 3}, 'dallas': {'consistency': 0.0, 'as_peak': 0, 'in_prompt': 1}, 'is': {'consistency': 0.16666666666666666, 'as_peak': 1, 'in_prompt': 6}, 'in': {'consistency': 0.0, 'as_peak': 0, 'in_prompt': 3}, 'a': {'consistency': 0.0, 'as_peak': 0, 'in_prompt': 4}, 'city': {'consistency': 0.0, 'as_peak': 0, 'in_prompt': 5}, ',': {'consistency': 0.0, 'as_peak': 0, 'in_prompt': 1}, 'usa': {'consistency': 0.0, 'as_peak': 0, 'in_prompt': 1}, 'texas': {'consistency': 0.0, 'as_peak': 0, 'in_prompt': 3}, 'of': {'consistency': 0.0, 'as_peak': 0, 'in_prompt': 2}, 'the': {'consistency': 0.0, 'as_peak': 0, 'in_prompt': 7}, 'capital': {'consistency': 0.0, 'as_peak': 0, 'in_prompt': 2}, 'austin': {'consistency': 0.0, 'as_peak': 0, 'in_prompt': 1}, 'state': {'consistency': 0.0, 'as_peak': 0, 'in_prompt': 4}, 'united': {'consistency': 0.0, 'as_peak': 0, 'in_prompt': 1}, 'states': {'consistency': 0.0, 'as_peak': 0, 'in_prompt': 1}, 'seat': {'consistency': 1.0, 'as_peak': 1, 'in_prompt': 1}, 'attribute:': {'consistency': 0.0, 'as_peak': 0, 'in_prompt': 1}, 'government': {'consistency': 0.0, 'as_peak': 0, 'in_prompt': 1}, 'primary': {'consistency': 0.0, 'as_peak': 0, 'in_prompt': 1}, 'as': {'consistency': 0.0, 'as_peak': 0, 'in_prompt': 1}, 'for': {'consistency': 0.0, 'as_peak': 0, 'in_prompt': 1}, 'serving': {'consistency': 0.0, 'as_peak': 0, 'in_prompt': 1}, 'which': {'consistency': 0.0, 'as_peak': 0, 'in_prompt': 1}, 'located': {'consistency': 0.0, 'as_peak': 0, 'in_prompt': 1}, 'containing': {'consistency': 0.0, 'as_peak': 0, 'in_prompt': 1}, 'relationship:': {'consistency': 0.0, 'as_peak': 0, 'in_prompt': 1}}",Semantic,7,-25.288223496177224,2
7_89264,0.5833333333333334,1.0,",",2,"{',': {'consistency': 1.0, 'as_peak': 1, 'in_prompt': 1}, 'entity:': {'consistency': 0.0, 'as_peak': 0, 'in_prompt': 3}, 'dallas': {'consistency': 0.0, 'as_peak': 0, 'in_prompt': 1}, 'is': {'consistency': 0.16666666666666666, 'as_peak': 1, 'in_prompt': 6}, 'in': {'consistency': 0.0, 'as_peak': 0, 'in_prompt': 3}, 'a': {'consistency': 0.0, 'as_peak': 0, 'in_prompt': 4}, 'city': {'consistency': 0.0, 'as_peak': 0, 'in_prompt': 5}, 'usa': {'consistency': 0.0, 'as_peak': 0, 'in_prompt': 1}, 'texas': {'consistency': 0.0, 'as_peak': 0, 'in_prompt': 3}, 'of': {'consistency': 0.0, 'as_peak': 0, 'in_prompt': 2}, 'the': {'consistency': 0.0, 'as_peak': 0, 'in_prompt': 7}, 'capital': {'consistency': 0.0, 'as_peak': 0, 'in_prompt': 2}, 'austin': {'consistency': 0.0, 'as_peak': 0, 'in_prompt': 1}, 'state': {'consistency': 0.0, 'as_peak': 0, 'in_prompt': 4}, 'united': {'consistency': 0.0, 'as_peak': 0, 'in_prompt': 1}, 'states': {'consistency': 0.0, 'as_peak': 0, 'in_prompt': 1}, 'attribute:': {'consistency': 0.0, 'as_peak': 0, 'in_prompt': 1}, 'government': {'consistency': 0.0, 'as_peak': 0, 'in_prompt': 1}, 'primary': {'consistency': 0.0, 'as_peak': 0, 'in_prompt': 1}, 'as': {'consistency': 0.0, 'as_peak': 0, 'in_prompt': 1}, 'for': {'consistency': 0.0, 'as_peak': 0, 'in_prompt': 1}, 'seat': {'consistency': 0.0, 'as_peak': 0, 'in_prompt': 1}, 'serving': {'consistency': 0.0, 'as_peak': 0, 'in_prompt': 1}, 'which': {'consistency': 0.0, 'as_peak': 0, 'in_prompt': 1}, 'located': {'consistency': 0.0, 'as_peak': 0, 'in_prompt': 1}, 'containing': {'consistency': 0.0, 'as_peak': 0, 'in_prompt': 1}, 'relationship:': {'consistency': 0.0, 'as_peak': 0, 'in_prompt': 1}}","Say ""X""",7,100.0,2
